{
  "source": "smoke",
  "eval_steps": [
    10,
    20,
    30,
    40,
    50,
    60,
    70,
    80,
    90,
    100
  ],
  "reward": {
    "trained": [
      0.7124737309111288,
      0.8214514114613155,
      0.8338964675171571,
      0.8623458299902441,
      0.8127077600761812,
      0.8087196709427735,
      0.7869072563854778,
      0.8087974512668558,
      0.8203210485407508,
      0.8255063910140156
    ],
    "random": [
      0.8059583683660729,
      0.7688077365333484,
      0.7905635864998739,
      0.8063318612432921,
      0.7674532495154615,
      0.7813537880604908,
      0.8393950050882824,
      0.7810053820284454,
      0.8082427998121139,
      0.7763706520988295
    ],
    "ask_always": [
      0.46448882512835993,
      0.46448882512835993,
      0.46448882512835993,
      0.46448882512835993,
      0.46448882512835993,
      0.46448882512835993,
      0.46448882512835993,
      0.46448882512835993,
      0.46448882512835993,
      0.46448882512835993
    ]
  },
  "autonomy": {
    "trained": [
      0.04523809523809524,
      0.08809523809523812,
      0.09523809523809523,
      0.10238095238095238,
      0.10238095238095238,
      0.11428571428571428,
      0.15238095238095237,
      0.12142857142857143,
      0.14047619047619048,
      0.1285714285714286
    ],
    "random": [
      0.12142857142857144,
      0.09285714285714286,
      0.1285714285714286,
      0.12142857142857144,
      0.11904761904761905,
      0.08095238095238097,
      0.1285714285714286,
      0.11666666666666667,
      0.10238095238095238,
      0.10952380952380951
    ]
  },
  "adversary_success": {
    "trained": [
      0.5185374149659864,
      0.5699134199134198,
      0.420578231292517,
      0.5854050711193567,
      0.5711145996860283,
      0.45198412698412704,
      0.6506493506493507,
      0.6907259407259408,
      0.49790249433106576,
      0.5917955060812204
    ]
  },
  "rubric_weighted": {
    "task_completion": [
      0.25,
      0.25,
      0.25,
      0.25,
      0.25,
      0.25,
      0.25,
      0.25,
      0.25,
      0.25
    ],
    "autonomy_calibration": [
      0.14285714285714288,
      0.2,
      0.2,
      0.2,
      0.2,
      0.2,
      0.19841269841269843,
      0.2,
      0.19682539682539685,
      0.19682539682539685
    ],
    "priority_alignment": [
      0.2,
      0.2,
      0.2,
      0.2,
      0.2,
      0.2,
      0.2,
      0.2,
      0.2,
      0.2
    ],
    "information_efficiency": [
      0.10289219425375032,
      0.10483437483932687,
      0.08779857389463303,
      0.0976014864236935,
      0.07470247588668641,
      0.08300032196901617,
      0.07271769745680816,
      0.09002352100612242,
      0.09318206622048887,
      0.10518516829612336
    ],
    "budget_adherence": [
      0.1,
      0.1,
      0.1,
      0.1,
      0.1,
      0.1,
      0.1,
      0.1,
      0.1,
      0.1
    ],
    "delegation_quality": [
      0.06048752834467121,
      0.055891330891330894,
      0.07914965986394558,
      0.08357142857142857,
      0.08165140415140415,
      0.07135951350237064,
      0.07232323232323233,
      0.06437520462730548,
      0.0701530612244898,
      0.060742630385487544
    ]
  },
  "adversary_weights": {
    "CurveballType.CONTEXT_POLLUTION": [
      1.05,
      1.2142857142857144,
      1.1642857142857141,
      1.2000000000000002,
      1.2000000000000002,
      1.1785714285714286,
      1.4642857142857146,
      1.0428571428571427,
      1.0999999999999999,
      1.392857142857143
    ],
    "CurveballType.AUTHORITY_SPOOFING": [
      1.5071428571428576,
      1.3214285714285716,
      1.092857142857143,
      1.4000000000000001,
      1.092857142857143,
      1.2571428571428573,
      1.2642857142857145,
      1.3214285714285718,
      1.3214285714285716,
      1.1571428571428573
    ],
    "CurveballType.PRIORITY_INVERSION": [
      1.2571428571428571,
      1.235714285714286,
      1.1285714285714286,
      1.2071428571428573,
      1.135714285714286,
      1.4214285714285717,
      1.1214285714285714,
      1.2642857142857145,
      1.2357142857142862,
      1.4500000000000006
    ],
    "CurveballType.BUDGET_TRAP": [
      1.3214285714285716,
      1.0142857142857142,
      1.192857142857143,
      1.2214285714285718,
      1.3642857142857148,
      1.3,
      1.3571428571428574,
      1.1571428571428573,
      1.335714285714286,
      1.0928571428571427
    ],
    "CurveballType.DEADLINE_COMPRESSION": [
      1.5714285714285723,
      1.850000000000001,
      1.6285714285714297,
      1.7142857142857153,
      1.1857142857142857,
      1.3071428571428572,
      1.15,
      1.3714285714285719,
      1.3071428571428572,
      1.4500000000000004
    ],
    "CurveballType.DELEGATION_CONFUSION": [
      1.1714285714285717,
      1.1928571428571428,
      1.4642857142857146,
      1.1357142857142857,
      1.478571428571429,
      1.0571428571428572,
      1.1785714285714288,
      1.3500000000000005,
      1.2357142857142858,
      1.3071428571428572
    ],
    "CurveballType.PERMISSION_AMBIGUITY": [
      1.1142857142857143,
      1.25,
      1.2071428571428573,
      1.1285714285714286,
      1.335714285714286,
      1.385714285714286,
      1.292857142857143,
      1.2928571428571431,
      1.1928571428571428,
      1.2857142857142858
    ]
  }
}