{
  "source": "smoke",
  "eval_steps": [
    16,
    32,
    48,
    64,
    80,
    96,
    112,
    128,
    144,
    160,
    176,
    192,
    208,
    224,
    240,
    256,
    272,
    288,
    304,
    320
  ],
  "reward": {
    "trained": [
      0.8276881576600678,
      0.8026409007659007,
      0.8962936765615337,
      0.9114885993923262,
      0.8886058566093282,
      0.8728804657874426,
      0.8988434548322987,
      0.9289015606242498,
      0.8739745093439675,
      0.9078447742733456,
      0.880291389282986,
      0.8849700549115969,
      0.8942640186047894,
      0.8843923592096351,
      0.8648489163107104,
      0.8662058759682637,
      0.8778652576659222,
      0.869060384060384,
      0.8603926150477875,
      0.8985532373869088
    ],
    "random": [
      0.8493188834614053,
      0.8941396827609454,
      0.8863774224423312,
      0.9025284141576277,
      0.8659542791475566,
      0.8681700357062054,
      0.8469542362399506,
      0.8909216833586581,
      0.8829250075253211,
      0.844635964449629,
      0.8867708462695422,
      0.8701583178082745,
      0.8482539682539683,
      0.8572943722943721,
      0.8639175670268108,
      0.9207628004179729,
      0.8536874236874237,
      0.872143041669896,
      0.8800275044648448,
      0.852725369868227
    ],
    "ask_always": [
      0.5614285714285713,
      0.5614285714285713,
      0.5614285714285713,
      0.5614285714285713,
      0.5614285714285713,
      0.5614285714285713,
      0.5614285714285713,
      0.5614285714285713,
      0.5614285714285713,
      0.5614285714285713,
      0.5614285714285713,
      0.5614285714285713,
      0.5614285714285713,
      0.5614285714285713,
      0.5614285714285713,
      0.5614285714285713,
      0.5614285714285713,
      0.5614285714285713,
      0.5614285714285713,
      0.5614285714285713
    ]
  },
  "autonomy": {
    "trained": [
      0.06785714285714287,
      0.06428571428571428,
      0.1,
      0.11250000000000002,
      0.10178571428571428,
      0.09821428571428571,
      0.14107142857142857,
      0.11071428571428572,
      0.12321428571428569,
      0.11785714285714285,
      0.09107142857142858,
      0.09464285714285715,
      0.1285714285714286,
      0.10535714285714286,
      0.0875,
      0.09821428571428571,
      0.13214285714285717,
      0.10357142857142855,
      0.11071428571428574,
      0.13035714285714287
    ],
    "random": [
      0.10714285714285714,
      0.09821428571428571,
      0.09107142857142858,
      0.11071428571428572,
      0.11964285714285713,
      0.14285714285714285,
      0.12142857142857143,
      0.12142857142857143,
      0.11785714285714287,
      0.09821428571428571,
      0.11607142857142858,
      0.09821428571428573,
      0.08035714285714286,
      0.09642857142857143,
      0.09999999999999999,
      0.13214285714285715,
      0.1142857142857143,
      0.10535714285714286,
      0.09464285714285714,
      0.09821428571428573
    ]
  },
  "adversary_success": {
    "trained": [
      0.3943556443556443,
      0.6753246753246753,
      0.6371212121212121,
      0.5940618904904619,
      0.5347152847152847,
      0.5698515769944341,
      0.37444856730571013,
      0.6467282717282717,
      0.6101255886970173,
      0.6158603301460445,
      0.6274455703027132,
      0.5934759684759685,
      0.42805250305250303,
      0.5592661306947021,
      0.5807387057387058,
      0.579695116913162,
      0.700489986204272,
      0.5411176125461841,
      0.5469387755102041,
      0.5051718123146695
    ]
  },
  "rubric_weighted": {
    "task_completion": [
      0.25,
      0.25,
      0.25,
      0.25,
      0.25,
      0.25,
      0.25,
      0.25,
      0.25,
      0.25,
      0.25,
      0.25,
      0.25,
      0.25,
      0.25,
      0.25,
      0.25,
      0.25,
      0.25,
      0.25
    ],
    "autonomy_calibration": [
      0.18571428571428572,
      0.17142857142857143,
      0.2,
      0.2,
      0.2,
      0.1785714285714286,
      0.2,
      0.2,
      0.2,
      0.2,
      0.19285714285714287,
      0.2,
      0.2,
      0.2,
      0.2,
      0.19285714285714287,
      0.19642857142857142,
      0.2,
      0.19285714285714287,
      0.2
    ],
    "priority_alignment": [
      0.2,
      0.2,
      0.2,
      0.2,
      0.2,
      0.2,
      0.2,
      0.2,
      0.2,
      0.2,
      0.2,
      0.2,
      0.2,
      0.2,
      0.2,
      0.2,
      0.2,
      0.2,
      0.2,
      0.2
    ],
    "information_efficiency": [
      0.1044988407347958,
      0.11056953463203463,
      0.12537627551020408,
      0.1326150479954828,
      0.12550105557421992,
      0.13011627906976744,
      0.12875253549695742,
      0.12827731092436973,
      0.11927750410509032,
      0.12420068027210883,
      0.12600840336134453,
      0.11349235346312439,
      0.1246411668115522,
      0.12020856404577333,
      0.11102990033222591,
      0.12550854824688495,
      0.1165983757844223,
      0.115805266162409,
      0.11419813902572525,
      0.12304645996329566
    ],
    "budget_adherence": [
      0.1,
      0.1,
      0.1,
      0.1,
      0.1,
      0.1,
      0.1,
      0.1,
      0.1,
      0.1,
      0.1,
      0.1,
      0.1,
      0.1,
      0.1,
      0.1,
      0.1,
      0.1,
      0.1,
      0.1
    ],
    "delegation_quality": [
      0.0736309523809524,
      0.06932234432234433,
      0.07277056277056276,
      0.07312925170068027,
      0.06880187273044415,
      0.07775252525252524,
      0.07066919191919192,
      0.08617346938775511,
      0.06770975056689342,
      0.07972170686456402,
      0.07128014842300559,
      0.078992673992674,
      0.07249084249084249,
      0.07198761555904414,
      0.07139455782312926,
      0.06473724688010402,
      0.07590568161996736,
      0.068724925867783,
      0.07314102564102563,
      0.07623015873015875
    ]
  },
  "adversary_weights": {
    "CurveballType.CONTEXT_POLLUTION": [
      1.057142857142857,
      1.2785714285714287,
      1.235714285714286,
      1.2071428571428573,
      1.3928571428571432,
      1.242857142857143,
      1.5500000000000005,
      1.4857142857142862,
      1.542857142857144,
      1.1071428571428572,
      1.335714285714286,
      1.4928571428571435,
      1.4142857142857146,
      1.4500000000000006,
      1.6142857142857145,
      1.2071428571428575,
      1.5642857142857147,
      1.3642857142857145,
      1.342857142857143,
      1.185714285714286
    ],
    "CurveballType.AUTHORITY_SPOOFING": [
      1.05,
      1.6928571428571426,
      1.3785714285714288,
      1.1285714285714288,
      1.0357142857142858,
      1.1285714285714286,
      1.2071428571428573,
      1.242857142857143,
      1.1642857142857144,
      1.0785714285714285,
      1.2857142857142858,
      1.1714285714285715,
      1.3000000000000005,
      1.5500000000000005,
      1.1928571428571428,
      1.607142857142858,
      1.1500000000000001,
      1.0785714285714285,
      1.1357142857142857,
      1.5500000000000007
    ],
    "CurveballType.PRIORITY_INVERSION": [
      1.0785714285714287,
      1.2285714285714286,
      1.6285714285714294,
      1.4928571428571433,
      1.5428571428571431,
      1.6285714285714292,
      1.3214285714285716,
      1.3214285714285716,
      1.2785714285714287,
      1.3571428571428574,
      1.0785714285714287,
      1.378571428571429,
      1.2714285714285718,
      1.471428571428572,
      1.8785714285714292,
      1.3357142857142859,
      1.478571428571429,
      1.3214285714285716,
      1.4214285714285717,
      1.3642857142857145
    ],